{
    "solution": [
        0.13250300240240268,
        0.6687424939939933,
        0.15543112733844902
    ],
    "parameter": 0.7153340084174304
}